length,passcode,guesses
4,5078,9968
4,3493,286
4,0903,4902
4,1964,8247
4,4134,7647
4,6154,9264
4,9856,6521
4,6876,3872
4,8323,8428
4,6836,1153
4,6430,1535
4,8050,3355
4,5931,1851
4,5438,9794
4,2777,849
4,0853,6124
4,5178,7068
4,8727,714
4,6596,9344
4,9749,2539
4,4575,5057
4,9749,9126
4,9489,2046
4,0038,3398
4,6899,7121
4,6351,2841
4,3139,4060
4,8616,6148
4,2416,6852
4,3305,2329
4,2447,4363
4,3229,4411
4,1681,800
4,3091,1658
4,5228,6687
4,6673,4821
4,5316,4387
4,3244,4747
4,9457,2367
4,5964,2753
4,5697,7493
4,8983,304
4,1640,4813
4,0939,1996
4,5413,8601
4,3174,1932
4,2073,6277
4,8883,6782
4,2469,4113
4,0963,6944
4,6709,5538
4,3787,1236
4,5661,8835
4,2134,8876
4,3761,6597
4,8016,2520
4,1211,9849
4,2640,2
4,6715,7702
4,3235,3238
4,3499,2703
4,0470,8452
4,4201,1332
4,0834,5974
4,2581,6483
4,0584,9592
4,4646,6257
4,2958,576
4,2345,1926
4,0188,7656
4,6765,5754
4,0578,2336
4,5773,7739
4,5374,3677
4,3481,6560
4,3824,8330
4,6155,8700
4,9861,7909
4,4011,6325
4,3072,110
4,0274,7921
4,8338,3595
4,1078,2428
4,4127,7915
4,7437,411
4,8899,375
4,9377,1247
4,7286,8749
4,2134,2036
4,0535,467
4,7813,4981
4,4724,1231
4,1957,823
4,2917,1333
4,6551,3564
4,5455,9983
4,5369,379
4,7902,2004
4,8893,4492
4,2812,5600
5,79061,46548
5,92979,5408
5,50720,20853
5,11046,86132
5,62299,32556
5,34440,93032
5,24480,76492
5,28518,85690
5,36186,10271
5,70679,29903
5,01581,21512
5,26155,96717
5,84278,39406
5,82728,71401
5,64541,31301
5,60585,14175
5,52239,61708
5,96449,62961
5,30414,86127
5,63978,19889
5,22299,96622
5,04488,48798
5,46449,46368
5,39932,93736
5,15052,11422
5,05827,62573
5,28348,83531
5,70659,24268
5,59231,3429
5,29902,85722
5,79605,60681
5,13981,58035
5,44462,72427
5,73645,71361
5,65840,22682
5,86339,92386
5,99354,22712
5,73987,32318
5,77496,75726
5,44706,3632
5,09018,66146
5,61539,3331
5,65184,55641
5,10242,31173
5,68287,53350
5,08751,5408
5,12542,12693
5,45971,13631
5,57585,39246
5,98304,11543
5,63205,10713
5,82436,27611
5,62854,89610
5,48394,90371
5,37102,80002
5,26332,75210
5,68511,73209
5,05805,93312
5,95054,15540
5,88015,99482
5,21620,45520
5,58288,19350
5,96208,48376
5,53394,61288
5,27576,51531
5,21336,59844
5,90155,75497
5,52244,46066
5,51308,84557
5,16330,27732
5,56418,87333
5,30955,10496
5,97782,69746
5,42012,85016
5,03816,17698
5,33409,99005
5,97809,66130
5,61615,99182
5,88595,13370
5,83574,14948
5,27041,467
5,23602,73852
5,01578,68198
5,84700,13262
5,76467,54571
5,49521,28909
5,81436,76300
5,23436,87435
5,64683,71592
5,99984,19702
5,44376,7939
5,76044,40729
5,72065,8878
5,65666,89949
5,95015,33653
5,73360,81157
5,44756,21295
5,86377,87564
5,38307,39802
5,34791,77418
6,271531,224507
6,076082,245243
6,267669,478290
6,702322,230673
6,085456,153401
6,397442,508340
6,643828,568433
6,416720,99158
6,520276,794180
6,025443,757071
6,402660,47208
6,292188,142411
6,758152,414191
6,927440,710266
6,195271,118857
6,167862,680351
6,321061,952698
6,628171,134573
6,251648,301220
6,222294,196025
6,487639,463497
6,178567,240816
6,287322,546124
6,800072,713687
6,823519,61553
6,202208,263774
6,003716,276257
6,175819,886805
6,022816,374505
6,483031,262785
6,588758,584750
6,716909,696260
6,253542,410953
6,365776,287975
6,699034,747671
6,788991,146368
6,553323,292255
6,323245,17159
6,292885,860209
6,743334,471587
6,425983,368875
6,961580,276176
6,422705,676935
6,820505,325105
6,428363,936418
6,866261,932126
6,307031,201662
6,488581,614253
6,645995,325080
6,401298,725559
6,066204,882023
6,002272,46013
6,464553,409174
6,880902,146272
6,840985,848563
6,103583,972490
6,699050,457871
6,990198,466729
6,565597,716262
6,811727,833031
6,799884,416131
6,616704,28382
6,016616,581787
6,929883,437669
6,060251,686602
6,865435,773790
6,415474,819105
6,950658,118645
6,010091,576294
6,215868,678434
6,433619,203726
6,632185,515179
6,703160,83794
6,128919,385653
6,977167,134275
6,950895,901194
6,723695,826384
6,688233,490607
6,269394,132623
6,402993,31835
6,904918,324813
6,543217,366386
6,498311,817117
6,084377,567049
6,540140,705505
6,143807,721362
6,906257,924746
6,821136,181693
6,310834,194637
6,670060,320766
6,843741,106366
6,848709,724978
6,302799,51712
6,135386,71743
6,253860,1318
6,298466,611615
6,352124,568654
6,034132,879634
6,283061,645811
6,646111,251465
7,5559033,7311794
7,4523059,2286990
7,9033882,8453247
7,2753950,3783532
7,4973701,902980
7,5122887,9755085
7,3264136,3100601
7,4602194,2237448
7,3449812,3850218
7,0861623,1049853
7,5297383,2596467
7,5292290,1815740
7,4997908,1362201
7,1986312,5992109
7,6004311,9010520
7,0069989,4642550
7,6497373,7436848
7,2114625,364786
7,9468027,3146998
7,8563744,6909846
7,2892899,1898813
7,0600332,7220134
7,0857869,3282383
7,8124498,2066857
7,0689670,7498950
7,1575167,2558210
7,8280025,2424189
7,8984071,4609512
7,5018477,9163915
7,5656446,813392
7,5309195,8273664
7,1419458,5139855
7,9136188,3135619
7,8735125,7253529
7,0756674,804581
7,3725562,530448
7,6542162,5412283
7,9249667,1164754
7,2578067,697872
7,1690904,734240
7,6805565,5383335
7,4069973,6538225
7,9319888,4637796
7,6395891,3563979
7,9088046,3796469
7,8118681,2838128
7,1229311,8966255
7,4847501,3510402
7,9332755,9954551
7,9629284,7208330
7,7694322,2098430
7,4087240,8023846
7,0084160,3165823
7,1479007,5488434
7,0183152,1593208
7,6752696,8264462
7,7603463,4266958
7,0526032,5327969
7,4992499,8222076
7,3114044,5530912
7,7767236,7768736
7,1933355,4192860
7,9795564,4073767
7,2741139,7422833
7,0931634,2859641
7,0999094,4121812
7,7688932,4181817
7,2779393,5117493
7,5442180,6386465
7,4318567,4374852
7,5342928,3325318
7,3322311,2633696
7,6735584,7364711
7,5658035,1971524
7,7575499,9044964
7,6247069,2495054
7,3412165,3402804
7,8657406,7278061
7,3311137,9255408
7,1458543,4378642
7,7955923,4966350
7,0597995,9073513
7,6178297,1699231
7,9876042,5795910
7,5646755,7921795
7,9887806,4803217
7,7407010,6139125
7,5913723,6821157
7,7828609,6999393
7,0066451,9769317
7,0081095,3580039
7,8477130,9124773
7,3059540,7546800
7,4370454,2089338
7,2643974,1897838
7,8209597,8942667
7,3529049,1094363
7,5969775,5198724
7,2231803,6610161
7,5351663,223392
8,00977344,97005760
8,29520285,60619224
8,68145447,4785156
8,08805707,65235471
8,06739130,19324453
8,33204457,72464715
8,15608990,31636182
8,48577758,94505328
8,66637811,44321292
8,81482114,95881361
8,65417600,11716717
8,14856672,64024581
8,37562096,98664145
8,61781589,34908087
8,13436064,88990484
8,17175906,57884459
8,94216184,54242768
8,48989468,8410129
8,55186893,48469445
8,88355238,28313348
8,29907449,55912744
8,08605821,35672990
8,98900868,31294504
8,80297370,2364440
8,84576780,29399640
8,40007028,9513282
8,39706776,32793693
8,27837614,80580143
8,88055732,16060664
8,20321060,80603980
8,63469437,90899831
8,35120564,96265654
8,53089929,8834736
8,92322780,63147798
8,51662007,51313717
8,07656163,54948685
8,37859086,11037553
8,78899755,36058968
8,84348228,34447347
8,12342178,63858822
8,25264371,76896291
8,96877545,65966236
8,30824334,55081239
8,89662361,2294342
8,54285295,70325939
8,48006308,65722212
8,41808104,20350786
8,88859921,29470653
8,80120270,36176102
8,80848306,68914734
8,04683748,47915563
8,99970613,39668889
8,17212197,1470512
8,26526676,68929696
8,15035265,17936236
8,87051407,78476740
8,63466844,11393180
8,92899483,94777991
8,51620549,70089373
8,40507029,6299599
8,41278698,87994114
8,74279314,9324356
8,85583264,78904063
8,77049221,83437669
8,75719782,95708650
8,89103043,20015987
8,85706423,8708552
8,91210851,2792654
8,13460610,23791597
8,70141096,64426019
8,53928951,11198870
8,48771059,25114015
8,80011093,88135976
8,29368457,31695981
8,59285398,94619499
8,01302245,39958101
8,76242248,36487755
8,00548161,77916804
8,47594875,93972106
8,79345368,91139864
8,79763247,32065483
8,80297925,90440567
8,54881556,81798706
8,21022023,61718255
8,02997883,65211112
8,67933064,54194553
8,06049412,60117974
8,31025020,96856564
8,11675802,50104484
8,62689653,9873023
8,37567355,51920362
8,97416775,2379647
8,36497943,77216025
8,47656216,31535374
8,34573049,44020446
8,22533844,16279887
8,81384996,88251903
8,65134312,49876297
8,82581183,77066953
8,32424219,95274359
4,2297,9113
4,2766,1822
4,2402,8850
4,1446,3527
4,5962,6458
4,6215,5333
4,0278,9171
4,8829,9053
4,7332,5959
4,3399,3685
4,9522,9212
4,6804,9011
4,7018,198
4,2720,5212
4,7875,784
4,6327,3339
4,5279,1121
4,4609,8740
4,4614,7841
4,1934,4965
4,1555,6481
4,6970,2796
4,9042,8315
4,3050,3490
4,5720,3738
4,4601,8379
4,5957,3092
4,2089,5975
4,7831,4597
4,7951,5272
4,2946,1516
4,6245,7968
4,4600,5216
4,0808,7422
4,5582,7201
4,5291,7394
4,9480,6171
4,3541,9920
4,3372,7990
4,5082,3943
4,7051,6424
4,4097,6334
4,8341,298
4,9382,9373
4,2036,5318
4,7464,6530
4,3572,4931
4,1031,5580
4,2618,5135
4,9260,4856
4,3625,8871
4,7775,7506
4,1085,5004
4,9041,4725
4,3582,6846
4,1852,10000
4,9034,3981
4,7490,2756
4,2345,5930
4,8954,2340
4,0366,2118
4,0112,220
4,2345,7905
4,4616,8614
4,4193,3064
4,4972,1166
4,2176,5774
4,7407,3544
4,3621,2250
4,0775,5560
4,7996,3393
4,2501,978
4,5733,9742
4,3517,4899
4,5272,954
4,9791,1519
4,0763,3146
4,8317,6351
4,5440,274
4,0152,3087
4,6857,8056
4,8214,9608
4,4135,9682
4,1082,5974
4,3051,7004
4,3071,5701
4,5677,9140
4,7620,147
4,5871,8414
4,0340,8324
4,1261,9626
4,9702,9564
4,6526,559
4,0901,383
4,4290,9448
4,7290,1985
4,0610,4859
4,0841,873
4,6785,9850
4,2928,2844
5,17871,64204
5,55642,52458
5,00671,84809
5,40836,84470
5,95439,9677
5,23602,26348
5,40342,18391
5,51444,58672
5,08971,71722
5,76263,24158
5,83435,31880
5,66911,98324
5,83409,12171
5,18003,75315
5,78245,61789
5,36235,54834
5,37071,22633
5,44879,27912
5,37836,81787
5,35100,32017
5,80514,25786
5,62574,66976
5,50240,31097
5,14033,83935
5,33565,20542
5,57777,96590
5,99468,12765
5,26197,89396
5,40579,38774
5,58225,31324
5,80270,46512
5,84996,80111
5,46376,12685
5,48967,95903
5,81344,17129
5,87647,79263
5,70782,97032
5,95514,50049
5,41146,78045
5,71465,75273
5,79262,11746
5,26001,78792
5,39671,25940
5,96737,64453
5,17699,50759
5,48260,26193
5,22455,7882
5,41469,55588
5,10408,43576
5,09701,62872
5,33522,20482
5,66357,33349
5,68673,61605
5,95392,78568
5,85395,297
5,15668,52818
5,22806,38028
5,02984,54448
5,63219,89944
5,50937,48250
5,81587,91631
5,42147,34023
5,01197,77676
5,62140,22985
5,61420,26629
5,82983,27393
5,64533,44845
5,89102,11973
5,49800,95963
5,90260,58089
5,46398,47979
5,20524,30743
5,24500,69701
5,40495,86552
5,53444,17335
5,07215,49615
5,06420,21882
5,24634,91861
5,60936,62477
5,10162,21524
5,72178,48527
5,30748,59036
5,64548,99488
5,42451,28424
5,78406,13975
5,47890,76284
5,76436,57034
5,58886,98830
5,06152,59011
5,38103,76763
5,24994,5724
5,44302,60482
5,20275,81665
5,20570,96368
5,28915,33979
5,31219,38297
5,62722,95353
5,84056,95855
5,41651,94333
5,23031,85408
6,179471,244239
6,847076,475035
6,321234,197770
6,896264,645927
6,362521,653616
6,417991,549647
6,244378,525142
6,679991,846709
6,085863,918792
6,770866,81304
6,158944,90408
6,300358,500235
6,996536,434743
6,603446,70478
6,697286,21570
6,208145,787980
6,064308,691210
6,680011,615885
6,434172,275133
6,371951,960933
6,599083,644632
6,921397,619884
6,153788,666159
6,025568,78545
6,022168,140564
6,580848,759083
6,401947,5677
6,976784,573052
6,351091,236425
6,213760,394500
6,406180,769507
6,455856,144741
6,046029,681231
6,758745,691738
6,069046,11194
6,382626,815532
6,049895,398941
6,339113,88383
6,211704,920790
6,578589,807779
6,148390,336821
6,970566,65252
6,580538,87502
6,825583,770651
6,844641,54306
6,595741,728637
6,760077,255434
6,179372,105900
6,942220,684266
6,261328,570392
6,168530,980087
6,320149,546723
6,512663,816439
6,454175,112572
6,048194,348357
6,013567,91597
6,245179,413330
6,634098,464484
6,804558,960032
6,519301,864089
6,568737,369821
6,117594,94973
6,903703,103515
6,130707,610856
6,022698,764988
6,353562,107314
6,041772,274036
6,435483,153643
6,060552,526010
6,658221,783105
6,515998,390996
6,635514,796106
6,606613,748361
6,650189,16604
6,759392,536291
6,128680,456348
6,956929,464399
6,911002,954774
6,149415,649960
6,691913,867139
6,076983,249494
6,388588,216794
6,113320,365932
6,370401,531028
6,732767,455986
6,965611,417280
6,171234,287299
6,554401,863099
6,057962,570775
6,788987,904170
6,736175,793997
6,834020,835608
6,703690,506683
6,981763,617644
6,223270,55960
6,759963,473535
6,828869,859043
6,080678,505711
6,852440,392007
6,623243,344302
7,1347332,43709
7,3768588,1265199
7,2279632,8171391
7,4698964,3811638
7,8296853,6235600
7,5256846,4633165
7,3022327,2709877
7,7798138,6436886
7,3403684,5637746
7,7319914,2580773
7,8869747,5890015
7,5232760,311520
7,2644866,2479876
7,8709484,9536286
7,0996142,3725884
7,1669266,4792277
7,5043494,8094502
7,3638561,4237817
7,3317957,5528293
7,5112462,6535492
7,7347283,6667804
7,3669167,4199698
7,6430196,2187666
7,3310852,9934753
7,4171368,6412737
7,9579743,315792
7,2059561,161898
7,6392380,5500621
7,8896030,930012
7,2582735,7111583
7,2074779,9000297
7,5338913,3778155
7,3129332,9749993
7,0243003,7631595
7,6484632,232125
7,6732933,2693361
7,0512400,1182897
7,5311108,2978111
7,6692117,5256279
7,3669174,9127231
7,3481084,2947027
7,4571188,4462394
7,5297758,7079173
7,6961902,3026291
7,8326806,3163114
7,0034426,7065828
7,3792474,6481138
7,2001549,2651091
7,9678147,2739370
7,2358266,6638424
7,2906335,8130016
7,4772287,6848693
7,9236844,6024335
7,0237446,2497267
7,5367029,5450902
7,6619445,4916012
7,0913744,6957788
7,0961369,168891
7,8651983,1506690
7,8005165,4713346
7,6712374,9303551
7,7611747,6505567
7,1813058,6942360
7,3654748,2965134
7,2373647,4994025
7,1477359,4268874
7,9969381,5659467
7,9856928,4628286
7,5794398,4418308
7,6012626,5140435
7,0260764,2177968
7,7579239,2884371
7,9705942,2088759
7,9554332,9546770
7,7088498,5252088
7,0292358,116913
7,3359019,2622974
7,0844525,5344552
7,8563568,4446550
7,4228813,3904801
7,5625104,2997962
7,9901227,8358175
7,3875741,321330
7,6637912,7401191
7,7544938,7410753
7,2961329,200693
7,1880936,9560166
7,8737590,1450844
7,6563912,8454817
7,9973502,1318011
7,0912903,8453650
7,6518296,5905596
7,5176515,4163078
7,1256088,6983403
7,6920492,7834075
7,0382033,4039627
7,1330329,2328335
7,3376191,9826603
7,2128045,9565747
7,6342091,1236257
8,48267398,23555839
8,24202018,93941387
8,63423387,93167241
8,94746116,97373844
8,26143894,34619727
8,99269163,94090094
8,79717399,90251037
8,58475851,21453563
8,94072427,60678774
8,99855044,58612218
8,43087970,83359051
8,93926137,1383402
8,71541084,82534587
8,53510913,69343523
8,13983952,19363210
8,04029668,1178207
8,05824033,40114939
8,29769433,12661375
8,19250391,28611436
8,56062406,70051754
8,73672523,75891624
8,48193918,78475284
8,35633764,39773411
8,90404882,17208678
8,99939372,76399131
8,13537610,10655756
8,01244457,3582574
8,09230879,73090220
8,33570726,8172350
8,27568853,67205240
8,61907870,22147458
8,96182911,6889785
8,60286518,53285364
8,96759333,80082682
8,40521312,60550109
8,93225759,29023643
8,77640676,98059388
8,73236372,51974064
8,57912347,52068006
8,20931606,35340828
8,55088034,95439628
8,80636797,7317103
8,86341156,76037106
8,88796358,78572955
8,29264942,48781885
8,37642066,46229283
8,37795665,56682636
8,76087261,78054278
8,14293035,23047282
8,96252289,55403013
8,01743543,58429183
8,14534569,24368368
8,85571994,6701182
8,41682548,7294130
8,82103529,88487921
8,26235399,28181310
8,75521666,87503011
8,15244588,80688831
8,67402726,38486077
8,18144779,48198469
8,72605315,74865213
8,29949714,29062820
8,71999294,70164166
8,85490164,61558069
8,11229467,29322450
8,99665411,77549348
8,84868872,16984732
8,76755844,33278976
8,59418368,54243987
8,33646179,16922402
8,20283005,83335936
8,59478304,65456713
8,69747087,33703766
8,37535727,96209800
8,84818269,11871503
8,04652406,34890745
8,82659455,73064314
8,86584987,23361490
8,75592727,52315624
8,84067141,33646185
8,51773316,48737266
8,99117099,32766325
8,29940555,13602777
8,70688667,13299936
8,68840547,76055274
8,78887725,35797728
8,37166766,2336206
8,00807336,27052878
8,95462543,5869106
8,25427238,31048052
8,73665778,92160117
8,09288910,99973830
8,71394402,59302137
8,47001328,88794287
8,30518917,53154082
8,37758684,21747651
8,59382241,49555761
8,71419492,96871799
8,72026266,6101944
8,16624469,29566928
4,7087,6521
4,7529,4981
4,6313,3542
4,2964,9829
4,3335,6537
4,5150,6016
4,2669,1587
4,2420,3396
4,6105,6484
4,6704,5024
4,9983,3586
4,1330,2110
4,6714,4428
4,3634,3158
4,5256,5488
4,2035,2792
4,4895,4849
4,8694,1118
4,1340,7041
4,0695,7310
4,0762,3149
4,2340,8266
4,9444,7735
4,1367,5625
4,6730,3541
4,2217,9506
4,3342,8390
4,7886,6840
4,6454,4708
4,9490,7516
4,8832,7264
4,9935,1079
4,9619,9
4,7629,2662
4,3612,2102
4,1876,9801
4,2464,824
4,4938,9974
4,5053,3283
4,0312,4452
4,2600,5113
4,0099,6916
4,9259,938
4,6538,9910
4,3076,1711
4,3868,9434
4,4485,327
4,1264,3971
4,5993,4473
4,2996,7637
4,7495,9195
4,5340,6925
4,9935,9067
4,8678,5419
4,8061,4462
4,5136,957
4,1538,9311
4,9394,7544
4,7340,6182
4,5768,501
4,4225,3497
4,3678,7925
4,0215,497
4,8370,8103
4,2567,9464
4,9236,8815
4,1208,5300
4,1232,1068
4,8884,5944
4,5673,1382
4,0120,8042
4,7911,8259
4,5192,2786
4,9883,5583
4,1613,9321
4,5498,719
4,4431,8274
4,0307,2636
4,1680,4137
4,5270,9838
4,7933,2324
4,9495,110
4,5609,5674
4,5725,1592
4,7044,6032
4,7381,3511
4,2691,4786
4,5333,38
4,0416,5258
4,9040,6408
4,0223,424
4,3760,3899
4,2929,5408
4,5325,3338
4,3479,65
4,8138,566
4,1398,3982
4,0723,5736
4,1856,8088
4,9814,4764
5,25534,2598
5,31927,61702
5,04165,24919
5,98241,20616
5,79122,49910
5,99382,35943
5,99085,90359
5,87333,59
5,79193,91279
5,40161,50376
5,07218,72559
5,09312,69486
5,31933,77941
5,76695,41719
5,60473,75083
5,50225,88677
5,67621,90459
5,61715,75721
5,14331,9875
5,29562,67410
5,12273,39065
5,24736,35867
5,11961,42350
5,90895,36547
5,56090,77130
5,06144,25336
5,35114,68074
5,93103,41478
5,77933,4922
5,90491,37695
5,89130,64886
5,76474,66626
5,50558,16304
5,38625,92848
5,82264,69418
5,64369,12564
5,09899,97776
5,23003,84835
5,10063,56041
5,97099,63243
5,68209,71165
5,73963,74568
5,19626,5085
5,20106,49493
5,07566,57274
5,34525,43243
5,90803,10317
5,24673,33327
5,83467,9941
5,74415,38505
5,34201,17465
5,40641,55283
5,15731,81962
5,51464,45938
5,75942,17812
5,19868,76354
5,02698,72442
5,55829,48426
5,15555,16777
5,74120,80057
5,59954,55128
5,13069,12658
5,66032,82877
5,48529,36518
5,24953,71379
5,87329,67761
5,53019,11510
5,63088,21302
5,10950,80072
5,03898,23384
5,58728,78947
5,74423,8948
5,28509,49140
5,74455,98356
5,59144,63614
5,82229,40952
5,05699,35187
5,06375,35639
5,45936,52436
5,63863,43778
5,30915,27649
5,69307,12893
5,53757,62345
5,12176,38029
5,42107,71518
5,26869,10817
5,14812,64514
5,76602,32317
5,33496,70173
5,92303,7891
5,13066,95485
5,76163,53089
5,84118,30434
5,35571,87594
5,47089,13175
5,95117,26180
5,22544,97341
5,47014,83759
5,50621,11456
5,99018,49793
6,557824,857769
6,007809,644756
6,645195,780602
6,146710,536729
6,746426,413577
6,216553,327666
6,114056,237098
6,502466,229516
6,433162,415521
6,731459,316281
6,226903,192555
6,395442,851935
6,959696,242558
6,524812,31723
6,282394,438461
6,908626,994435
6,024953,841673
6,275264,555793
6,911879,803957
6,081210,555237
6,892263,824084
6,181393,241779
6,172902,608757
6,562326,385888
6,050507,264870
6,129266,369630
6,919588,983175
6,811743,290495
6,333510,901804
6,299569,685067
6,474229,990602
6,350907,644105
6,685077,85685
6,290461,410288
6,385720,317918
6,599355,990331
6,601221,954203
6,822112,259443
6,721133,567467
6,031326,291026
6,171342,6237
6,543856,972898
6,431605,732626
6,071170,243607
6,808733,45449
6,602272,252262
6,630308,88974
6,856727,653149
6,198358,863578
6,706274,338372
6,003232,283693
6,119197,471708
6,358217,28628
6,639753,513848
6,345147,211288
6,446147,57530
6,519703,12046
6,781756,348020
6,006368,328695
6,822650,215484
6,378935,944605
6,308664,251078
6,447959,799849
6,837410,429293
6,800279,537563
6,913728,505611
6,198324,734992
6,164027,490556
6,241836,786431
6,003463,704725
6,913866,996340
6,676762,318133
6,185011,598125
6,276477,814877
6,614423,99290
6,054334,646971
6,723390,640835
6,168785,159556
6,200583,192681
6,261821,896550
6,504265,770255
6,572843,728067
6,996438,441113
6,036935,865775
6,002268,629508
6,158479,253141
6,325249,214779
6,037589,446501
6,609816,961218
6,041298,264719
6,695024,267881
6,785861,75457
6,857022,796899
6,062040,903953
6,081043,663215
6,730197,933069
6,434592,28945
6,880076,593191
6,550874,404467
6,128105,574436
7,0708576,2757992
7,4760162,2256869
7,5310804,3361431
7,0777126,6108973
7,1111882,1643010
7,6136968,1442472
7,5777826,2840711
7,1210096,9091140
7,5204183,7187768
7,8314364,4482367
7,6613750,6147860
7,1803966,3499167
7,1921283,664734
7,5594405,3162444
7,3833718,7932740
7,4351562,3585460
7,9244847,1695724
7,5472439,84442
7,3920508,7562324
7,7477253,1593074
7,5806157,5849565
7,7896857,8560042
7,3051235,1710925
7,6939851,6673498
7,4378600,9863859
7,6958740,4465824
7,3868305,2610796
7,2601006,6275297
7,2095522,9626880
7,4881903,6532790
7,1908710,5425828
7,5372068,5018597
7,7080620,1594518
7,7196490,1487164
7,6994033,6521516
7,2416386,288013
7,3991490,9235519
7,8888591,1686957
7,5935126,5461636
7,4253990,3881563
7,1868016,2533222
7,2198220,5084690
7,2299806,3654281
7,0604147,5449894
7,1203508,8520396
7,9302771,8696659
7,9620841,7206021
7,6650360,1130134
7,5948556,4213295
7,4131467,2827569
7,1744819,6910409
7,7140544,1035700
7,5201931,8703217
7,9530051,7928829
7,1537537,6538438
7,1499550,7181379
7,2775456,9168945
7,2868950,9304296
7,9329132,8509389
7,5172115,9147138
7,3549004,9145369
7,6419440,5270476
7,5002286,9606064
7,8229906,9978328
7,4763441,7992223
7,1824969,8917136
7,4103120,3786684
7,9612405,1774303
7,5982037,1666265
7,6368823,5252784
7,3743737,1891877
7,8306033,402714
7,7204579,1061737
7,4760001,4779707
7,6637762,8869386
7,3953530,7207503
7,0362789,1505512
7,9542284,534452
7,4602854,8373142
7,0517410,5679446
7,7208228,559186
7,5276619,182282
7,0887659,5452316
7,7987973,1520915
7,5387707,9797489
7,2879345,3166484
7,0861277,3648711
7,7945581,108304
7,3866354,5105136
7,9960871,753803
7,7618211,8697661
7,7794866,3357620
7,5608537,5399522
7,1247574,5532993
7,3878754,5074963
7,0687534,9028231
7,4569732,1846441
7,4858529,7657496
7,1400297,7028522
7,8601324,5946673
8,71123219,10573274
8,97920405,58710783
8,71911274,25428116
8,93714033,12688685
8,59444296,62944961
8,08954965,54844732
8,64011420,97815607
8,06114831,45278072
8,74734154,46473281
8,28401015,41714753
8,10428371,24322999
8,60725096,99426507
8,16367430,94227215
8,65560279,15770778
8,26611790,43015604
8,54416945,40430023
8,31406393,63507539
8,26632898,97010441
8,85174289,23970734
8,83651535,3388001
8,99110434,29859419
8,26307729,8942205
8,91219151,29367517
8,11994600,3307718
8,67114834,57545419
8,67999405,94267927
8,15442651,39822041
8,32027675,17465061
8,91664372,46010678
8,39873223,77669947
8,35437781,55582471
8,81890403,99840073
8,68241730,28189158
8,99351340,72068196
8,75110444,99842392
8,30779067,37403309
8,84250514,39620420
8,75692990,12222213
8,83120680,67389163
8,26578101,65298435
8,07412530,67496066
8,09243157,1024374
8,27383715,54343357
8,15726948,60141766
8,60343124,66890667
8,23715956,19619478
8,31616742,54180723
8,29736211,54014767
8,11167293,8614144
8,48371477,21442316
8,89934165,76711527
8,23920685,16349259
8,86936440,75254805
8,07557593,69939590
8,44034587,22080464
8,76850292,46464022
8,78778554,57081065
8,13100078,87595382
8,19052195,12505212
8,13045029,18559873
8,55718514,91315408
8,89953292,66625170
8,21749515,61326035
8,27927471,12881732
8,27892573,5575949
8,63840469,64718574
8,05161060,20545697
8,82396763,73188603
8,93074619,383013
8,15168085,77503037
8,74351733,51482318
8,77509777,94046112
8,89094613,62446775
8,13562015,99306011
8,54027233,95268610
8,16122827,62861750
8,69091216,61569254
8,48984873,85131171
8,58820240,60716172
8,88618818,8960617
8,79241720,59473202
8,27818767,82254318
8,10336219,25529535
8,59458662,2608779
8,84597676,47533763
8,95734659,19119312
8,21048547,91202520
8,37170998,70443536
8,53098594,97495879
8,51084719,21910144
8,48372477,51056282
8,12384249,23193279
8,34739424,57981209
8,82424003,65486888
8,79826886,66948550
8,78769279,49181845
8,56952950,94363844
8,14706417,30887422
8,84863325,50013651
8,20329399,53688223
4,5247,2986
4,8211,5776
4,3952,1410
4,5903,8267
4,8042,5467
4,1314,3950
4,2768,1718
4,1526,6849
4,7157,9201
4,1041,8249
4,7873,6284
4,9215,7851
4,2302,6628
4,4720,3254
4,5285,8479
4,1655,3518
4,0388,7061
4,0839,351
4,5821,6911
4,9391,9261
4,2577,6918
4,6764,6828
4,7728,5748
4,0788,3799
4,1359,2681
4,5130,9767
4,9587,5768
4,0997,419
4,5955,594
4,6713,3787
4,4445,9349
4,0088,6460
4,1190,1606
4,1861,487
4,8211,7925
4,4775,1839
4,8697,5343
4,4874,6567
4,2206,4577
4,7125,2611
4,7844,4825
4,5051,2112
4,9930,4691
4,0912,2250
4,4687,7362
4,0502,1031
4,8474,3699
4,3595,9884
4,3333,6561
4,5129,839
4,8866,3887
4,7032,2449
4,3210,3452
4,0028,6277
4,8845,5790
4,0593,274
4,9313,2255
4,7975,3672
4,6577,6429
4,3177,5095
4,0752,3327
4,6912,8731
4,5815,5614
4,3250,5924
4,2024,2582
4,8613,1742
4,7060,581
4,5561,6101
4,1221,3542
4,7787,1146
4,9485,6844
4,5544,1498
4,5339,7680
4,7151,6047
4,8734,3919
4,5276,7968
4,2372,856
4,4191,2587
4,2891,609
4,0322,5073
4,1887,1013
4,7936,3495
4,1088,8572
4,0790,5763
4,7351,8830
4,3831,5107
4,1376,5947
4,7236,6270
4,1897,817
4,6131,2545
4,0391,7817
4,5414,7424
4,6306,9703
4,9781,3240
4,3455,2749
4,5044,6804
4,6508,9094
4,4655,8383
4,0293,224
4,2034,4687
5,54489,77562
5,76807,36180
5,37367,28708
5,19069,9209
5,42109,90197
5,33073,19731
5,63430,76239
5,22168,8394
5,32757,80441
5,22472,83535
5,10499,67626
5,71910,70997
5,39529,269
5,46457,95035
5,62477,65510
5,54598,28808
5,41794,54975
5,09569,4149
5,75247,75964
5,91468,97156
5,42145,94886
5,52841,75518
5,99299,39368
5,42049,15989
5,18764,34690
5,69978,7345
5,55697,54883
5,05641,36288
5,27034,60097
5,72166,68916
5,74853,13622
5,98465,69180
5,65487,20797
5,95082,32867
5,68789,70236
5,31232,21
5,83853,62865
5,09986,36143
5,32434,49685
5,22246,64998
5,54666,85301
5,78156,6794
5,92406,45702
5,99127,5990
5,17331,51167
5,29170,9929
5,73572,89067
5,24436,3898
5,07635,29371
5,56470,22071
5,62687,90109
5,90361,77617
5,72657,16396
5,57886,60032
5,89799,22657
5,00633,20923
5,88561,33452
5,53558,23039
5,16202,86075
5,75124,16325
5,58671,89656
5,86627,84972
5,00251,21171
5,95970,82430
5,99261,81468
5,58292,11464
5,16363,62170
5,93310,10242
5,18788,6570
5,40426,14666
5,53232,84100
5,58257,86257
5,41933,8458
5,47778,60360
5,98889,85956
5,10451,32154
5,34927,18135
5,11939,43044
5,16674,4650
5,40734,11683
5,83406,54947
5,89143,79163
5,41757,31225
5,62014,441
5,65487,7076
5,16955,62170
5,90039,22589
5,20332,48250
5,69295,53539
5,19238,92915
5,50511,93852
5,25527,90979
5,21498,77327
5,60845,91531
5,56826,89521
5,52952,59632
5,50116,50021
5,56805,98099
5,63044,74210
5,31431,30805
6,290123,229250
6,701767,277452
6,590718,786247
6,146265,582992
6,968924,166748
6,620458,219923
6,636626,231292
6,167991,508249
6,729791,719799
6,047647,396657
6,963803,525748
6,792964,757026
6,663772,393156
6,856631,876605
6,154461,359364
6,316923,634105
6,542792,420902
6,631225,747746
6,752956,715852
6,954983,541793
6,817340,32286
6,205474,43315
6,572201,77345
6,384968,303207
6,118522,606876
6,752047,526806
6,290842,680501
6,567889,10651
6,303471,12977
6,347645,991341
6,191412,5784
6,513061,173106
6,909703,714329
6,637834,804443
6,557015,132988
6,559414,437884
6,705666,551039
6,847164,469971
6,766429,564810
6,838049,223493
6,295747,568199
6,070066,939491
6,444521,369231
6,618605,4020
6,981287,402703
6,359768,423054
6,420704,694892
6,723420,963485
6,607079,442009
6,333643,605097
6,039737,795039
6,373789,937406
6,086891,276750
6,362704,173382
6,433515,769641
6,737560,981318
6,729781,705677
6,652941,247516
6,861086,796446
6,790062,882338
6,999715,301614
6,484418,384484
6,976470,423749
6,223615,489808
6,135449,694658
6,396823,267813
6,790836,496209
6,532093,20765
6,575453,813150
6,248288,581983
6,932716,629571
6,203315,833845
6,302062,674599
6,957224,422966
6,703079,884862
6,648941,262723
6,042795,159447
6,534232,936848
6,714045,851746
6,453917,831339
6,901841,579717
6,714470,656073
6,963737,160841
6,169943,417129
6,612883,724116
6,989317,81501
6,301760,530754
6,696069,435893
6,397597,544378
6,677641,187109
6,815818,849102
6,052709,573258
6,362375,887886
6,471861,609612
6,384556,979324
6,744395,358074
6,304693,611823
6,566519,621896
6,263877,254013
6,891420,863093
7,5613312,624023
7,8875446,5379726
7,9642491,7006056
7,3838212,8453975
7,0603237,219572
7,2609896,9596562
7,1802217,506547
7,2742751,437146
7,6825114,2365464
7,0137508,8495238
7,1646348,9660326
7,9592415,5599689
7,1914732,9650232
7,7632984,6125900
7,6024416,329167
7,0886404,217057
7,1546837,2092204
7,0287127,2215964
7,9644350,3789462
7,5207963,5176588
7,1484684,6126081
7,8797229,8071195
7,9537670,2063022
7,9421528,4285601
7,0988326,4940615
7,0860629,6695055
7,8242512,5567255
7,4858278,4663287
7,5844969,4317015
7,3559815,7181006
7,7824330,901960
7,6939799,4292589
7,8687186,1403318
7,8531091,9105481
7,6884372,2293163
7,8998952,5468751
7,5331025,4412117
7,9800601,5295549
7,6644996,8955318
7,5262716,9052069
7,8421657,7638519
7,4753985,1233159
7,4453119,7957646
7,9601943,4748852
7,1421699,3163838
7,9303310,4527024
7,3943122,620205
7,1835721,8085481
7,4601785,7352347
7,8349501,9785578
7,0802227,918813
7,1648032,8360794
7,6002702,3898118
7,7729968,1554616
7,2043325,5786434
7,7048155,7474224
7,9348624,1326012
7,9162846,1463467
7,9727273,5737397
7,8190557,5607799
7,4842923,6437329
7,4643878,5845589
7,7151099,6124948
7,4175781,4225055
7,7045947,3695174
7,5034699,1074088
7,3453066,6457328
7,7886526,5520543
7,4114768,6497484
7,8956942,5894024
7,4833568,642181
7,7462253,3956666
7,9655371,9534622
7,3838483,6993254
7,2819000,6060338
7,0088004,3390842
7,5214872,6743455
7,4707310,2878703
7,5432237,4125828
7,0622598,2327567
7,6469813,2539682
7,7509488,8197063
7,1852765,5220748
7,8080279,463377
7,5430937,5417968
7,4763226,206999
7,9598964,3095534
7,2848210,3473912
7,2613749,6703257
7,7846599,1158657
7,0695052,3280457
7,5219734,747675
7,8526724,1851794
7,6700947,7484899
7,4507240,1782663
7,4457882,4160375
7,4509058,7874653
7,1483856,1277274
7,1904674,804806
7,7785482,6067712
8,78962259,2906969
8,30343108,17174192
8,33591867,78660374
8,59671775,66812458
8,66163357,46559756
8,85991170,62538660
8,10108973,97770476
8,71949296,49008264
8,78762812,44684694
8,09061788,44385232
8,50677256,19536613
8,39658177,983921
8,24326742,45282920
8,97917505,32283908
8,73911545,81602955
8,84593665,91798940
8,27436467,93194994
8,91626629,18060296
8,80473587,93823270
8,98733346,47154069
8,82981811,56885590
8,27802179,27283530
8,68120676,66729154
8,86046305,33610035
8,29092109,50171675
8,56021854,78206593
8,30709912,79514012
8,05185560,7789548
8,65368173,34226177
8,73735247,96339317
8,97407088,18049489
8,89556537,39148606
8,05063350,64708687
8,93448737,24445959
8,52295066,85276539
8,78941945,91485257
8,06716408,79901153
8,06777387,42849214
8,60907265,82994709
8,31483636,74855400
8,17044820,89276488
8,68841197,24196712
8,94957156,99629098
8,97801635,14257325
8,87159257,93284031
8,65033400,27828504
8,57292002,84881529
8,58964090,60950346
8,19862569,28403577
8,87664385,18834912
8,22987453,13767829
8,88260306,62600057
8,68435643,4087345
8,67759991,84793143
8,19207648,18218390
8,13532026,90258478
8,31314979,6158578
8,25714758,62997376
8,78083089,41985846
8,42186422,68055400
8,05284829,75662613
8,72436917,38983972
8,88720670,14334150
8,57447594,48256584
8,20948015,37385605
8,13410167,28015849
8,78158752,22800317
8,89377781,70725804
8,90702518,93576731
8,28597440,79919683
8,86990668,2661123
8,27001521,42225564
8,68774927,91956876
8,60777151,87633603
8,08287273,42228679
8,33751413,22266183
8,76828154,49549626
8,80237295,30387406
8,23742945,24045011
8,21448830,11209387
8,01940327,62558933
8,52247411,14858637
8,87953385,34970923
8,65672649,41435724
8,66603319,86913952
8,46049210,75342758
8,77888528,49597064
8,53991011,77770782
8,92914010,67884907
8,56840172,25987098
8,97005043,47128053
8,75427501,78729046
8,27104119,40227351
8,65444872,26978389
8,40791329,57783228
8,09239326,84973216
8,61287269,54242607
8,89566382,39699707
8,25244924,60004106
8,56100219,74367005
